-- insert users
insert into users (username, first_name, last_name, email) values ('dillons', 'Sean', 'Dillon', 'sean.dillon@agilex.com');
insert into users (username, first_name, last_name, email) values ('cushingb', 'Ben', 'Cushing', 'ben.cushing@agilex.com');
insert into users (username, first_name, last_name, email) values ('rayj', 'Jason', 'Ray', 'jason.ray@agilex.com');
insert into users (username, first_name, last_name, email) values ('sancheza', 'Analisa', 'Sanchez', 'analisa.sanchez@agilex.com');
insert into users (username, first_name, last_name, email) values ('dashtarm', 'Mitra', 'Dashtaray', 'mitra.dashtaray@agilex.com');
insert into users (username, first_name, last_name, email) values ('reevesm', 'Matt', 'Reeves', 'matt.reeves@agilex.com');
insert into users (username, first_name, last_name, email) values ('liddella', 'Afton', 'Liddell', 'afton.lidell@agilex.com');
insert into users (username, first_name, last_name, email) values ('brendelk', 'Kevin', 'Brendel', 'kevin.brendel@agilex.com');
insert into users (username, first_name, last_name, email) values ('walkerb', 'Brynn', 'Walker', 'brynn.walker@agilex.com');
insert into users (username, first_name, last_name, email) values ('bittmanm', 'Mark', 'Bittmann', 'mark.bittmann@agilex.com');
insert into users (username, first_name, last_name, email) values ('osteenj', 'Jenna', 'O''Steen', 'jenna.osteen@agilex.com');
insert into users (username, first_name, last_name, email) values ('scottc', 'Carole', 'Scott', 'carole.scott@agilex.com');
insert into users (username, first_name, last_name, email) values ('entisi', 'Ira', 'Entis', 'ira.entis@agilex.com');
insert into users (username, first_name, last_name, email) values ('gallj', 'John', 'Gall', 'john.gall@agilex.com');

/*
Dane McAuley <Dane.McAuley@agilex.com>
 Don Almeida <Don.Almeida@agilex.com>
 Greg Roberts <Greg.Roberts@agilex.com>
 Visu Patlolla <Visu.Patlolla@agilex.com>
 Brad Barber <Brad.Barber@agilex.com>
 Zach Alsgaard <Zach.Alsgaard@agilex.com>
 Sean Kosanovich <Sean.Kosanovich@agilex.com>
 Alisa Chen <Alisa.Chen@agilex.com>
 Jose Weeks <Jose.Weeks@agilex.com>
 Jeff Killingsworth <Jeff.Killingsworth@agilex.com>
 Jamie Sweetland <Jamie.Sweetland@agilex.com>
 Hau Mai <Hau.Mai@agilex.com>
 Cesar Santiago <Cesar.Santiago@agilex.com>
 Doug Kurucz <Doug.Kurucz@agilex.com>
 Doug Wheat <Doug.Wheat@agilex.com>
 Srinath Godavarthi <Srinath.Godavarthi@agilex.com>
 Steve Kirsch <Steve.Kirsch@agilex.com>
 Rachel Killingsworth <Rachel.Killingsworth@agilex.com>
 Kevin Worth <Kevin.Worth@agilex.com>
 Isaac Baquera <Isaac.Baquera@agilex.com>
 Destie Provenzano <Destie.Provenzano@agilex.com>
 Stephanie Kao <Stephanie.Kao@agilex.com>
 Richard Xie <Richard.Xie@agilex.com>
 Jason Gunnink <Jason.Gunnink@agilex.com>
 David Knowlton <David.Knowlton@agilex.com>
 Ben Cushing <Ben.Cushing@agilex.com>
 Analisa Sanchez <analisa.sanchez@agilex.com>
 Sean Dillon <Sean.Dillon@agilex.com>
 Jason Ray <Jason.Ray@agilex.com>
 Vinay Doma <Vinay.Doma@agilex.com>
 Linda Sloan <Linda.Sloan@agilex.com>
 Karthikeyan Kandasamy <Karthikeyan.Kandasamy@agilex.com>
 Beth Adams <Beth.Adams@agilex.com>
 Ranveer Kalwanth <Ranveer.Kalwanth@agilex.com>
 James Robertson <James.Robertson@agilex.com>
 Sean Moran <Sean.Moran@agilex.com>
 James Dressel <James.Dressel@agilex.com>
 Jackson Phillips <Jackson.Phillips@agilex.com>
 Michael Graf <Michael.Graf@agilex.com>
 Abdullah Sahyouni <Abdullah.Sahyouni@agilex.com>
 Ariel Cohen <Ariel.Cohen@agilex.com>
 Ankit Agarwal <Ankit.Agarwal@agilex.com>
 Melissa Von Wald <Melissa.VonWald@agilex.com>
 Karan Bhatia <Karan.Bhatia@agilex.com>
 Alex Hackman <Alex.Hackman@agilex.com>
 Kyle Berger <Kyle.Berger@agilex.com>
 Evan Althouse <Evan.Althouse@agilex.com>
 David Tran <David.Tran@agilex.com>
 Britton Vermaaten <Britton.Vermaaten@agilex.com>
 Bryan Kim <Bryan.Kim@agilex.com>
 Jeff Kopra <Jeff.Kopra@agilex.com>
 Claire Ryberg <Claire.Ryberg@agilex.com>
 Soule Ayoub <Soule.Ayoub@agilex.com>
 Ty Dang <Ty.Dang@agilex.com>
 Max Craft <Max.Craft@agilex.com>
 Sean Witte <Sean.Witte@agilex.com>
 Erica Ruth <Erica.Ruth@agilex.com>
 Melissa Von Wald <vonwaldm@gmail.com>
 Mitra Dashtaray <ctr.mitra.dashtaray@l-3com.com>
 afton.a.liddell@cbp.dhs.gov" <afton.a.liddell@cbp.dhs.gov>
 Matt Reeves <Matt.Reeves@agilex.com>
 Kevin Brendel <Kevin.Brendel@agilex.com>
 Brynn Walker <Brynn.Walker@agilex.com>
 Jenna O'Steen <Jenna.Osteen@agilex.com>
 Afton Liddell <Afton.Liddell@agilex.com>
 Carole Scott <carole.scott@agilex.com>
 Ira Entis <Ira.Entis@agilex.com>
 Mark Bittmann <Mark.Bittmann@agilex.com>
 John Gall <John.Gall@agilex.com>
 Thuc Nguyen <Thuc.Nguyen@agilex.com>
*/



-- insert tags
insert into tags (tag, owner) values ('#social', 'dillons');
insert into tags (tag, owner) values ('#food', 'dillons');
insert into tags (tag, owner) values ('#agilex', 'dillons');
insert into tags (tag, owner) values ('#interns', 'dillons');
insert into tags (tag, owner) values ('#node', 'dillons');
insert into tags (tag, owner) values ('#compensation', 'dillons');


-- insert topics
declare
  l_i ideas.id%type;
  l_t topics.id%type;
  l_t2 topics.id%type;
begin

  l_t := th_topics_pkg.create_topic(p_title => 'What can we do that''s fun on Friday afternoons?',
                                    p_description => 'More prose about Friday afternoons here...',
                                    p_creator => 'dillons');

  


  l_t2 := th_topics_pkg.create_topic(p_title => 'Where''s a good place to watch the World Cup',
				     p_description => null,
                                     p_creator => 'dillons');

  l_i := th_ideas_pkg.create_idea (p_short_desc => 'Wouldn''t it be fun to watch soccer on Friday afternoons?',
                                   p_owner => 'cushingb',
                                   p_description => null,
                                   p_topic_id => l_t,
                                   p_tags => '#social #agilex');

  l_i := th_ideas_pkg.create_idea (p_short_desc => 'Friday afternoons are a great day for happy hours!',
                                   p_owner => 'sancheza',
                                   p_description => null,
                                   p_topic_id => l_t,
                                   p_tags => '#social #agilex');

  l_i := th_ideas_pkg.create_idea (p_short_desc => 'We should have hackathons on Friday afternoons w/ Node as a theme.',
                                   p_owner => 'rayj',
                                   p_description => null,
                                   p_topic_id => l_t,
                                   p_tags => '#social #agilex #node');

end;
/


-- insert ideas
insert into ideas (id, short_desc, owner, available) 
	values (1, 'How about we have dippin'' dots on Friday afternoons?', 'cushingb', sysdate-5);
insert into ideas (short_desc, owner, available) 
	values ('I believe all UI/UX designers should get a raise.', 'cushingb', sysdate-3);
insert into ideas (short_desc, owner, available) 
	values ('Foosball should be a required activity during the day.', 'cushingb', sysdate-2);

insert into idea_tags (idea_id, tag) values (1, '#social');
insert into idea_tags (idea_id, tag) values (1, '#food');

insert into ideas (id, short_desc, owner, available) 
	values (2, 'I believe all NODE developers should get a raise.', 'rayj', sysdate-10);
insert into ideas (short_desc, owner, available) 
	values ('I think we should use NODE for every and all projects from now on at Agilex.', 'rayj', sysdate-15);
insert into ideas (short_desc, owner, available) 
	values ('How about we get together for carrot cake on Thursday mornings?', 'rayj', sysdate-1);

insert into idea_tags (idea_id, tag) values (2, '#agilex');
insert into idea_tags (idea_id, tag) values (2, '#node');
insert into idea_tags (idea_id, tag) values (2, '#compensation');

insert into ideas (id, short_desc, owner, available) 
	values (3, 'I believe all scrum masters should get a raise.', 'sancheza', sysdate-6);
insert into ideas (short_desc, owner, available) 
	values ('I think we should use Target Process for every and all projects from now on at Agilex.', 'sancheza', sysdate);
insert into ideas (short_desc, owner, available) 
	values ('How about we get together for soccer on Wednesday nights?', 'sancheza', sysdate-9);

insert into ideas (id, short_desc, owner, available) 
	values (4, 'How many people would like to have ALOHA FRIDAYS?! You wear Hawaiian shirts to work :).', 'dillons', sysdate);

insert into ideas (id, short_desc, owner, available) 
	values (999, 'This is a testing idea', 'dillons', sysdate);

insert into idea_tags (idea_id, tag) values (3, '#agilex');

-- insert comments
--	I'm sure there's a way to dynamically get the values from the rows above from ideas entered, but I'm hard coding
--	values in these scripts for simplicity.  This is all sample data anyway.
insert into comments (parent_id, parent_type, comment_txt, owner) 
	values (1, 'idea', 'How about NORMAL ice cream?!', 'dillons');
insert into comments (parent_id, parent_type, comment_txt, owner) 
	values (1, 'idea', 'Dillon, you''re such a dinosaur. Get w/ the d-dots program yo''', 'cushingb');
insert into comments (parent_id, parent_type, comment_txt, owner) 
	values (1, 'idea', 'How about we read a Node book?', 'rayj');
insert into comments (parent_id, parent_type, comment_txt, owner) 
	values (1, 'idea', 'I think we put dippin dots on a task board.', 'sancheza');

insert into comments (parent_id, parent_type, comment_txt, owner) 
	values (2, 'idea', 'I think the raises should go to more deserving UI/UX people.. I mean have you SEEN my UI''s?!', 'cushingb');
insert into comments (parent_id, parent_type, comment_txt, owner) 
	values (2, 'idea', 'You have a point.', 'rayj');
insert into comments (parent_id, parent_type, comment_txt, owner) 
	values (2, 'idea', 'You guys are both crazy, soccer players should make more money...', 'sancheza');
insert into comments (parent_id, parent_type, comment_txt, owner) 
	values (2, 'idea', 'Wait, what?  We are supposed to get paid for this job?!', 'dillons');

insert into comments (parent_id, parent_type, comment_txt, owner) 
	values (3, 'idea', 'Agreed.', 'dillons');
insert into comments (parent_id, parent_type, comment_txt, owner) 
	values (3, 'idea', 'Agreed.', 'cushingb');
insert into comments (parent_id, parent_type, comment_txt, owner) 
	values (3, 'idea', 'Agreed.', 'rayj');
insert into comments (parent_id, parent_type, comment_txt, owner) 
	values (3, 'idea', 'Did i say raise?  I meant one meeeeeeelion dollars', 'sancheza');

insert into comments (parent_id, parent_type, comment_txt, owner) 
	values (4, 'idea', 'Nobody?  Really?', 'dillons');


insert into tag_black_list (tag) values ('noob');


begin
	th_ideas_pkg.vote_on_idea(1, 'cushingb', 'yes');
	th_ideas_pkg.vote_on_idea(1, 'dillons', 'no');
	th_ideas_pkg.vote_on_idea(1, 'sancheza', 'yes');
	th_ideas_pkg.vote_on_idea(1, 'rayj', 'yes');
 	th_ideas_pkg.vote_on_idea(2, 'rayj', 'yes');
 	th_ideas_pkg.vote_on_idea(2, 'cushingb', 'yes');
	th_ideas_pkg.vote_on_idea(2, 'sancheza', 'yes');
	th_ideas_pkg.vote_on_idea(3, 'rayj', 'no');
 	th_ideas_pkg.vote_on_idea(3, 'cushingb', 'yes');
	th_ideas_pkg.vote_on_idea(3, 'sancheza', 'yes');
	th_ideas_pkg.vote_on_idea(4, 'cushingb', 'no');
	th_ideas_pkg.vote_on_idea(4, 'sancheza', 'no');
	th_ideas_pkg.vote_on_idea(4, 'rayj', 'no');
end;
/

begin
	th_topics_pkg.suspend_topic(100, 'dillons');
	th_ideas_pkg.suspend_idea(108, 'cushingb');
	th_ideas_pkg.suspend_idea(109, 'cushingb');
end;
/




commit;
